-- --------------------------------------------------------
-- Host:                         127.0.0.1
-- Server version:               10.1.24-MariaDB-1~jessie - mariadb.org binary distribution
-- Server OS:                    debian-linux-gnu
-- HeidiSQL Version:             9.4.0.5174
-- --------------------------------------------------------

/*!40101 SET @OLD_CHARACTER_SET_CLIENT=@@CHARACTER_SET_CLIENT */;
/*!40101 SET NAMES utf8 */;
/*!50503 SET NAMES utf8mb4 */;
/*!40014 SET @OLD_FOREIGN_KEY_CHECKS=@@FOREIGN_KEY_CHECKS, FOREIGN_KEY_CHECKS=0 */;
/*!40101 SET @OLD_SQL_MODE=@@SQL_MODE, SQL_MODE='NO_AUTO_VALUE_ON_ZERO' */;


-- Dumping database structure for rd2l
CREATE DATABASE IF NOT EXISTS `rd2l` /*!40100 DEFAULT CHARACTER SET latin1 */;
USE `rd2l`;

-- Dumping structure for table rd2l.competitions
CREATE TABLE IF NOT EXISTS `competitions` (
  `id` bigint(20) NOT NULL AUTO_INCREMENT,
  `name` varchar(50) DEFAULT NULL,
  PRIMARY KEY (`id`)
) ENGINE=InnoDB AUTO_INCREMENT=4 DEFAULT CHARSET=latin1;

-- Dumping data for table rd2l.competitions: ~3 rows (approximately)
/*!40000 ALTER TABLE `competitions` DISABLE KEYS */;
INSERT INTO `competitions` (`id`, `name`) VALUES
	(1, 'Nations cup'),
	(2, 'RD2L Season 12 CET-WED'),
	(3, 'RD2L Season 12 CET-SAT');
/*!40000 ALTER TABLE `competitions` ENABLE KEYS */;

-- Dumping structure for table rd2l.competition_teams
CREATE TABLE IF NOT EXISTS `competition_teams` (
  `competition_id` bigint(20) NOT NULL,
  `team_id` bigint(20) NOT NULL,
  `disbanded` tinyint(1) NOT NULL,
  PRIMARY KEY (`competition_id`,`team_id`),
  KEY `FK_ct_teams` (`team_id`),
  CONSTRAINT `FK_ct_competitions` FOREIGN KEY (`competition_id`) REFERENCES `competitions` (`id`) ON DELETE CASCADE,
  CONSTRAINT `FK_ct_teams` FOREIGN KEY (`team_id`) REFERENCES `teams` (`id`) ON DELETE CASCADE
) ENGINE=InnoDB DEFAULT CHARSET=latin1;

-- Dumping data for table rd2l.competition_teams: ~39 rows (approximately)
/*!40000 ALTER TABLE `competition_teams` DISABLE KEYS */;
INSERT INTO `competition_teams` (`competition_id`, `team_id`, `disbanded`) VALUES
	(1, 1, 0),
	(1, 2, 0),
	(1, 3, 0),
	(1, 4, 0),
	(1, 5, 0),
	(1, 6, 0),
	(1, 7, 0),
	(1, 8, 1),
	(1, 9, 0),
	(1, 10, 0),
	(2, 11, 0),
	(2, 12, 1),
	(2, 13, 0),
	(2, 14, 0),
	(2, 15, 0),
	(2, 16, 1),
	(2, 17, 0),
	(2, 18, 0),
	(2, 19, 0),
	(2, 20, 0),
	(2, 21, 0),
	(2, 22, 0),
	(2, 23, 0),
	(2, 24, 0),
	(2, 25, 0),
	(2, 26, 0),
	(2, 27, 0),
	(2, 28, 0),
	(2, 29, 0),
	(2, 30, 0),
	(2, 31, 0),
	(2, 32, 0),
	(3, 33, 0),
	(3, 34, 0),
	(3, 35, 0),
	(3, 36, 1),
	(3, 37, 0),
	(3, 38, 0),
	(3, 39, 0);
/*!40000 ALTER TABLE `competition_teams` ENABLE KEYS */;

-- Dumping structure for table rd2l.heroes
CREATE TABLE IF NOT EXISTS `heroes` (
  `id` bigint(20) NOT NULL,
  `localized_name` varchar(50) NOT NULL,
  `name` varchar(50) NOT NULL,
  PRIMARY KEY (`id`)
) ENGINE=InnoDB DEFAULT CHARSET=latin1;

-- Dumping data for table rd2l.heroes: ~113 rows (approximately)
/*!40000 ALTER TABLE `heroes` DISABLE KEYS */;
INSERT INTO `heroes` (`id`, `localized_name`, `name`) VALUES
	(1, 'Anti-Mage', 'antimage'),
	(2, 'Axe', 'axe'),
	(3, 'Bane', 'bane'),
	(4, 'Bloodseeker', 'bloodseeker'),
	(5, 'Crystal Maiden', 'crystal_maiden'),
	(6, 'Drow Ranger', 'drow_ranger'),
	(7, 'Earthshaker', 'earthshaker'),
	(8, 'Juggernaut', 'juggernaut'),
	(9, 'Mirana', 'mirana'),
	(10, 'Morphling', 'morphling'),
	(11, 'Shadow Fiend', 'nevermore'),
	(12, 'Phantom Lancer', 'phantom_lancer'),
	(13, 'Puck', 'puck'),
	(14, 'Pudge', 'pudge'),
	(15, 'Razor', 'razor'),
	(16, 'Sand King', 'sand_king'),
	(17, 'Storm Spirit', 'storm_spirit'),
	(18, 'Sven', 'sven'),
	(19, 'Tiny', 'tiny'),
	(20, 'Vengeful Spirit', 'vengefulspirit'),
	(21, 'Windranger', 'windrunner'),
	(22, 'Zeus', 'zuus'),
	(23, 'Kunkka', 'kunkka'),
	(25, 'Lina', 'lina'),
	(26, 'Lion', 'lion'),
	(27, 'Shadow Shaman', 'shadow_shaman'),
	(28, 'Slardar', 'slardar'),
	(29, 'Tidehunter', 'tidehunter'),
	(30, 'Witch Doctor', 'witch_doctor'),
	(31, 'Lich', 'lich'),
	(32, 'Riki', 'riki'),
	(33, 'Enigma', 'enigma'),
	(34, 'Tinker', 'tinker'),
	(35, 'Sniper', 'sniper'),
	(36, 'Necrophos', 'necrolyte'),
	(37, 'Warlock', 'warlock'),
	(38, 'Beastmaster', 'beastmaster'),
	(39, 'Queen of Pain', 'queenofpain'),
	(40, 'Venomancer', 'venomancer'),
	(41, 'Faceless Void', 'faceless_void'),
	(42, 'Skeleton King', 'skeleton_king'),
	(43, 'Death Prophet', 'death_prophet'),
	(44, 'Phantom Assassin', 'phantom_assassin'),
	(45, 'Pugna', 'pugna'),
	(46, 'Templar Assassin', 'templar_assassin'),
	(47, 'Viper', 'viper'),
	(48, 'Luna', 'luna'),
	(49, 'Dragon Knight', 'dragon_knight'),
	(50, 'Dazzle', 'dazzle'),
	(51, 'Clockwerk', 'rattletrap'),
	(52, 'Leshrac', 'leshrac'),
	(53, 'Nature\'s Prophet', 'furion'),
	(54, 'Lifestealer', 'life_stealer'),
	(55, 'Dark Seer', 'dark_seer'),
	(56, 'Clinkz', 'clinkz'),
	(57, 'Omniknight', 'omniknight'),
	(58, 'Enchantress', 'enchantress'),
	(59, 'Huskar', 'huskar'),
	(60, 'Night Stalker', 'night_stalker'),
	(61, 'Broodmother', 'broodmother'),
	(62, 'Bounty Hunter', 'bounty_hunter'),
	(63, 'Weaver', 'weaver'),
	(64, 'Jakiro', 'jakiro'),
	(65, 'Batrider', 'batrider'),
	(66, 'Chen', 'chen'),
	(67, 'Spectre', 'spectre'),
	(68, 'Ancient Apparition', 'ancient_apparition'),
	(69, 'Doom', 'doom_bringer'),
	(70, 'Ursa', 'ursa'),
	(71, 'Spirit Breaker', 'spirit_breaker'),
	(72, 'Gyrocopter', 'gyrocopter'),
	(73, 'Alchemist', 'alchemist'),
	(74, 'Invoker', 'invoker'),
	(75, 'Silencer', 'silencer'),
	(76, 'Outworld Devourer', 'obsidian_destroyer'),
	(77, 'Lycanthrope', 'lycan'),
	(78, 'Brewmaster', 'brewmaster'),
	(79, 'Shadow Demon', 'shadow_demon'),
	(80, 'Lone Druid', 'lone_druid'),
	(81, 'Chaos Knight', 'chaos_knight'),
	(82, 'Meepo', 'meepo'),
	(83, 'Treant Protector', 'treant'),
	(84, 'Ogre Magi', 'ogre_magi'),
	(85, 'Undying', 'undying'),
	(86, 'Rubick', 'rubick'),
	(87, 'Disruptor', 'disruptor'),
	(88, 'Nyx Assassin', 'nyx_assassin'),
	(89, 'Naga Siren', 'naga_siren'),
	(90, 'Keeper of the Light', 'keeper_of_the_light'),
	(91, 'Wisp', 'wisp'),
	(92, 'Visage', 'visage'),
	(93, 'Slark', 'slark'),
	(94, 'Medusa', 'medusa'),
	(95, 'Troll Warlord', 'troll_warlord'),
	(96, 'Centaur Warrunner', 'centaur'),
	(97, 'Magnus', 'magnataur'),
	(98, 'Timbersaw', 'shredder'),
	(99, 'Bristleback', 'bristleback'),
	(100, 'Tusk', 'tusk'),
	(101, 'Skywrath Mage', 'skywrath_mage'),
	(102, 'Abaddon', 'abaddon'),
	(103, 'Elder Titan', 'elder_titan'),
	(104, 'Legion Commander', 'legion_commander'),
	(105, 'Techies', 'techies'),
	(106, 'Ember Spirit', 'ember_spirit'),
	(107, 'Earth Spirit', 'earth_spirit'),
	(108, 'Abyssal Underlord', 'abyssal_underlord'),
	(109, 'Terrorblade', 'terrorblade'),
	(110, 'Phoenix', 'phoenix'),
	(111, 'Oracle', 'oracle'),
	(112, 'Winter Wyvern', 'winter_wyvern'),
	(113, 'Arc Warden', 'arc_warden'),
	(114, 'Monkey King', 'monkey_king');
/*!40000 ALTER TABLE `heroes` ENABLE KEYS */;

-- Dumping structure for table rd2l.items
CREATE TABLE IF NOT EXISTS `items` (
  `id` bigint(20) NOT NULL,
  `name` varchar(50) NOT NULL,
  `cost` int(11) NOT NULL,
  `secret_shop` tinyint(1) NOT NULL,
  `side_shop` tinyint(1) NOT NULL,
  `recipe` tinyint(1) NOT NULL,
  PRIMARY KEY (`id`)
) ENGINE=InnoDB DEFAULT CHARSET=latin1;

-- Dumping data for table rd2l.items: ~260 rows (approximately)
/*!40000 ALTER TABLE `items` DISABLE KEYS */;
INSERT INTO `items` (`id`, `name`, `cost`, `secret_shop`, `side_shop`, `recipe`) VALUES
	(0, 'empty', 0, 0, 0, 0),
	(1, 'item_blink', 2250, 0, 1, 0),
	(2, 'item_blades_of_attack', 420, 0, 1, 0),
	(3, 'item_broadsword', 1200, 0, 1, 0),
	(4, 'item_chainmail', 550, 0, 1, 0),
	(5, 'item_claymore', 1400, 0, 0, 0),
	(6, 'item_helm_of_iron_will', 900, 0, 1, 0),
	(7, 'item_javelin', 1500, 0, 0, 0),
	(8, 'item_mithril_hammer', 1600, 0, 0, 0),
	(9, 'item_platemail', 1400, 1, 0, 0),
	(10, 'item_quarterstaff', 875, 0, 1, 0),
	(11, 'item_quelling_blade', 200, 0, 1, 0),
	(12, 'item_ring_of_protection', 175, 0, 0, 0),
	(13, 'item_gauntlets', 150, 0, 0, 0),
	(14, 'item_slippers', 150, 0, 0, 0),
	(15, 'item_mantle', 150, 0, 0, 0),
	(16, 'item_branches', 50, 0, 0, 0),
	(17, 'item_belt_of_strength', 450, 0, 1, 0),
	(18, 'item_boots_of_elves', 450, 0, 1, 0),
	(19, 'item_robe', 450, 0, 1, 0),
	(20, 'item_circlet', 165, 0, 0, 0),
	(21, 'item_ogre_axe', 1000, 0, 0, 0),
	(22, 'item_blade_of_alacrity', 1000, 0, 0, 0),
	(23, 'item_staff_of_wizardry', 1000, 0, 0, 0),
	(24, 'item_ultimate_orb', 2150, 1, 0, 0),
	(25, 'item_gloves', 500, 0, 1, 0),
	(26, 'item_lifesteal', 1200, 0, 1, 0),
	(27, 'item_ring_of_regen', 325, 0, 1, 0),
	(28, 'item_sobi_mask', 325, 0, 1, 0),
	(29, 'item_boots', 400, 0, 1, 0),
	(30, 'item_gem', 900, 0, 0, 0),
	(31, 'item_cloak', 550, 0, 1, 0),
	(32, 'item_talisman_of_evasion', 1450, 1, 0, 0),
	(33, 'item_cheese', 1000, 0, 0, 0),
	(34, 'item_magic_stick', 200, 0, 1, 0),
	(35, 'item_recipe_magic_wand', 0, 0, 0, 1),
	(36, 'item_magic_wand', 465, 0, 0, 0),
	(37, 'item_ghost', 1500, 0, 0, 0),
	(38, 'item_clarity', 50, 0, 0, 0),
	(39, 'item_flask', 110, 0, 0, 0),
	(40, 'item_dust', 180, 0, 0, 0),
	(41, 'item_bottle', 660, 0, 1, 0),
	(42, 'item_ward_observer', 65, 0, 0, 0),
	(43, 'item_ward_sentry', 100, 0, 0, 0),
	(44, 'item_tango', 125, 0, 0, 0),
	(45, 'item_courier', 100, 0, 0, 0),
	(46, 'item_tpscroll', 50, 0, 1, 0),
	(47, 'item_recipe_travel_boots', 2000, 0, 0, 1),
	(48, 'item_travel_boots', 2400, 0, 0, 0),
	(49, 'item_recipe_phase_boots', 0, 0, 0, 1),
	(50, 'item_phase_boots', 1240, 0, 0, 0),
	(51, 'item_demon_edge', 2400, 1, 0, 0),
	(52, 'item_eagle', 3200, 1, 0, 0),
	(53, 'item_reaver', 3000, 1, 0, 0),
	(54, 'item_relic', 3800, 1, 0, 0),
	(55, 'item_hyperstone', 2000, 1, 0, 0),
	(56, 'item_ring_of_health', 850, 0, 1, 0),
	(57, 'item_void_stone', 850, 0, 1, 0),
	(58, 'item_mystic_staff', 2700, 1, 0, 0),
	(59, 'item_energy_booster', 900, 1, 1, 0),
	(60, 'item_point_booster', 1200, 1, 0, 0),
	(61, 'item_vitality_booster', 1100, 1, 1, 0),
	(62, 'item_recipe_power_treads', 0, 0, 0, 1),
	(63, 'item_power_treads', 1350, 0, 0, 0),
	(64, 'item_recipe_hand_of_midas', 1550, 0, 0, 1),
	(65, 'item_hand_of_midas', 2050, 0, 0, 0),
	(66, 'item_recipe_oblivion_staff', 0, 0, 0, 1),
	(67, 'item_oblivion_staff', 1650, 0, 0, 0),
	(68, 'item_recipe_pers', 0, 0, 0, 1),
	(69, 'item_pers', 1700, 0, 0, 0),
	(70, 'item_recipe_poor_mans_shield', 0, 0, 0, 1),
	(71, 'item_poor_mans_shield', 500, 0, 0, 0),
	(72, 'item_recipe_bracer', 190, 0, 0, 1),
	(73, 'item_bracer', 505, 0, 0, 0),
	(74, 'item_recipe_wraith_band', 170, 0, 0, 1),
	(75, 'item_wraith_band', 485, 0, 0, 0),
	(76, 'item_recipe_null_talisman', 155, 0, 0, 1),
	(77, 'item_null_talisman', 470, 0, 0, 0),
	(78, 'item_recipe_mekansm', 900, 0, 0, 1),
	(79, 'item_mekansm', 2375, 0, 0, 0),
	(80, 'item_recipe_vladmir', 0, 0, 0, 1),
	(81, 'item_vladmir', 2375, 0, 0, 0),
	(84, 'item_flying_courier', 150, 0, 0, 0),
	(85, 'item_recipe_buckler', 200, 0, 0, 1),
	(86, 'item_buckler', 800, 0, 0, 0),
	(87, 'item_recipe_ring_of_basilius', 0, 0, 0, 1),
	(88, 'item_ring_of_basilius', 500, 0, 0, 0),
	(89, 'item_recipe_pipe', 800, 0, 0, 1),
	(90, 'item_pipe', 3200, 0, 0, 0),
	(91, 'item_recipe_urn_of_shadows', 250, 0, 0, 1),
	(92, 'item_urn_of_shadows', 875, 0, 0, 0),
	(93, 'item_recipe_headdress', 300, 0, 0, 1),
	(94, 'item_headdress', 675, 0, 0, 0),
	(95, 'item_recipe_sheepstick', 0, 0, 0, 1),
	(96, 'item_sheepstick', 5700, 0, 0, 0),
	(97, 'item_recipe_orchid', 775, 0, 0, 1),
	(98, 'item_orchid', 4075, 0, 0, 0),
	(99, 'item_recipe_cyclone', 650, 0, 0, 1),
	(100, 'item_cyclone', 2750, 0, 0, 0),
	(101, 'item_recipe_force_staff', 900, 0, 0, 1),
	(102, 'item_force_staff', 2225, 0, 0, 0),
	(103, 'item_recipe_dagon', 1250, 0, 0, 1),
	(104, 'item_dagon', 2720, 0, 0, 0),
	(105, 'item_recipe_necronomicon', 1200, 0, 0, 1),
	(106, 'item_necronomicon', 2650, 0, 0, 0),
	(107, 'item_recipe_ultimate_scepter', 0, 0, 0, 1),
	(108, 'item_ultimate_scepter', 4200, 0, 0, 0),
	(109, 'item_recipe_refresher', 1800, 0, 0, 1),
	(110, 'item_refresher', 5200, 0, 0, 0),
	(111, 'item_recipe_assault', 1300, 0, 0, 1),
	(112, 'item_assault', 5250, 0, 0, 0),
	(113, 'item_recipe_heart', 1400, 0, 0, 1),
	(114, 'item_heart', 5500, 0, 0, 0),
	(115, 'item_recipe_black_king_bar', 1375, 0, 0, 1),
	(116, 'item_black_king_bar', 3975, 0, 0, 0),
	(117, 'item_aegis', 0, 0, 0, 0),
	(118, 'item_recipe_shivas_guard', 600, 0, 0, 1),
	(119, 'item_shivas_guard', 4700, 0, 0, 0),
	(120, 'item_recipe_bloodstone', 900, 0, 0, 1),
	(121, 'item_bloodstone', 4900, 0, 0, 0),
	(122, 'item_recipe_sphere', 1000, 0, 0, 1),
	(123, 'item_sphere', 4850, 0, 0, 0),
	(124, 'item_recipe_vanguard', 0, 0, 0, 1),
	(125, 'item_vanguard', 2150, 0, 0, 0),
	(126, 'item_recipe_blade_mail', 0, 0, 0, 1),
	(127, 'item_blade_mail', 2200, 0, 0, 0),
	(128, 'item_recipe_soul_booster', 0, 0, 0, 1),
	(129, 'item_soul_booster', 3200, 0, 0, 0),
	(130, 'item_recipe_hood_of_defiance', 0, 0, 0, 1),
	(131, 'item_hood_of_defiance', 1725, 0, 0, 0),
	(132, 'item_recipe_rapier', 0, 0, 0, 1),
	(133, 'item_rapier', 6200, 0, 0, 0),
	(134, 'item_recipe_monkey_king_bar', 0, 0, 0, 1),
	(135, 'item_monkey_king_bar', 5400, 0, 0, 0),
	(136, 'item_recipe_radiance', 1350, 0, 0, 1),
	(137, 'item_radiance', 5150, 0, 0, 0),
	(138, 'item_recipe_butterfly', 0, 0, 0, 1),
	(139, 'item_butterfly', 5525, 0, 0, 0),
	(140, 'item_recipe_greater_crit', 1000, 0, 0, 1),
	(141, 'item_greater_crit', 5520, 0, 0, 0),
	(142, 'item_recipe_basher', 750, 0, 0, 1),
	(143, 'item_basher', 2700, 0, 0, 0),
	(144, 'item_recipe_bfury', 0, 0, 0, 1),
	(145, 'item_bfury', 4500, 0, 0, 0),
	(146, 'item_recipe_manta', 800, 0, 0, 1),
	(147, 'item_manta', 5000, 0, 0, 0),
	(148, 'item_recipe_lesser_crit', 500, 0, 0, 1),
	(149, 'item_lesser_crit', 2120, 0, 0, 0),
	(150, 'item_recipe_armlet', 550, 0, 0, 1),
	(151, 'item_armlet', 2370, 0, 0, 0),
	(152, 'item_invis_sword', 2700, 0, 0, 0),
	(153, 'item_recipe_sange_and_yasha', 0, 0, 0, 1),
	(154, 'item_sange_and_yasha', 4100, 0, 0, 0),
	(155, 'item_recipe_satanic', 0, 0, 0, 1),
	(156, 'item_satanic', 5800, 0, 0, 0),
	(157, 'item_recipe_mjollnir', 900, 0, 0, 1),
	(158, 'item_mjollnir', 5700, 0, 0, 0),
	(159, 'item_recipe_skadi', 0, 0, 0, 1),
	(160, 'item_skadi', 5775, 0, 0, 0),
	(161, 'item_recipe_sange', 600, 0, 0, 1),
	(162, 'item_sange', 2050, 0, 0, 0),
	(163, 'item_recipe_helm_of_the_dominator', 800, 0, 0, 1),
	(164, 'item_helm_of_the_dominator', 1975, 0, 0, 0),
	(165, 'item_recipe_maelstrom', 700, 0, 0, 1),
	(166, 'item_maelstrom', 2800, 0, 0, 0),
	(167, 'item_recipe_desolator', 0, 0, 0, 1),
	(168, 'item_desolator', 3500, 0, 0, 0),
	(169, 'item_recipe_yasha', 600, 0, 0, 1),
	(170, 'item_yasha', 2050, 0, 0, 0),
	(171, 'item_recipe_mask_of_madness', 700, 0, 0, 1),
	(172, 'item_mask_of_madness', 1900, 0, 0, 0),
	(173, 'item_recipe_diffusal_blade', 700, 0, 0, 1),
	(174, 'item_diffusal_blade', 3150, 0, 0, 0),
	(175, 'item_recipe_ethereal_blade', 0, 0, 0, 1),
	(176, 'item_ethereal_blade', 4700, 0, 0, 0),
	(177, 'item_recipe_soul_ring', 150, 0, 0, 1),
	(178, 'item_soul_ring', 800, 0, 0, 0),
	(179, 'item_recipe_arcane_boots', 0, 0, 0, 1),
	(180, 'item_arcane_boots', 1300, 0, 0, 0),
	(181, 'item_orb_of_venom', 275, 0, 1, 0),
	(182, 'item_stout_shield', 200, 0, 1, 0),
	(183, 'item_recipe_invis_sword', 0, 0, 0, 1),
	(184, 'item_recipe_ancient_janggo', 575, 0, 0, 1),
	(185, 'item_ancient_janggo', 1655, 0, 0, 0),
	(186, 'item_recipe_medallion_of_courage', 0, 0, 0, 1),
	(187, 'item_medallion_of_courage', 1175, 0, 0, 0),
	(188, 'item_smoke_of_deceit', 50, 0, 0, 0),
	(189, 'item_recipe_veil_of_discord', 400, 0, 0, 1),
	(190, 'item_veil_of_discord', 2240, 0, 0, 0),
	(191, 'item_recipe_necronomicon_2', 0, 0, 0, 1),
	(192, 'item_recipe_necronomicon_3', 0, 0, 0, 1),
	(193, 'item_necronomicon_2', 3850, 0, 0, 0),
	(194, 'item_necronomicon_3', 5050, 0, 0, 0),
	(195, 'item_recipe_diffusal_blade_2', 0, 0, 0, 1),
	(196, 'item_diffusal_blade_2', 3850, 0, 0, 0),
	(197, 'item_recipe_dagon_2', 0, 0, 0, 1),
	(198, 'item_recipe_dagon_3', 0, 0, 0, 1),
	(199, 'item_recipe_dagon_4', 0, 0, 0, 1),
	(200, 'item_recipe_dagon_5', 0, 0, 0, 1),
	(201, 'item_dagon_2', 3970, 0, 0, 0),
	(202, 'item_dagon_3', 5220, 0, 0, 0),
	(203, 'item_dagon_4', 6470, 0, 0, 0),
	(204, 'item_dagon_5', 7720, 0, 0, 0),
	(205, 'item_recipe_rod_of_atos', 0, 0, 0, 1),
	(206, 'item_rod_of_atos', 3100, 0, 0, 0),
	(207, 'item_recipe_abyssal_blade', 1550, 0, 0, 1),
	(208, 'item_abyssal_blade', 6400, 0, 0, 0),
	(209, 'item_recipe_heavens_halberd', 0, 0, 0, 1),
	(210, 'item_heavens_halberd', 3500, 0, 0, 0),
	(211, 'item_recipe_ring_of_aquila', 0, 0, 0, 1),
	(212, 'item_ring_of_aquila', 985, 0, 0, 0),
	(213, 'item_recipe_tranquil_boots', 0, 0, 0, 1),
	(214, 'item_tranquil_boots', 975, 0, 0, 0),
	(215, 'item_shadow_amulet', 1300, 0, 0, 0),
	(216, 'item_enchanted_mango', 110, 0, 0, 0),
	(217, 'item_recipe_ward_dispenser', 0, 0, 0, 1),
	(218, 'item_ward_dispenser', 165, 0, 0, 0),
	(219, 'item_recipe_travel_boots_2', 0, 0, 0, 1),
	(220, 'item_travel_boots_2', 4400, 0, 0, 0),
	(221, 'item_recipe_lotus_orb', 0, 0, 0, 1),
	(226, 'item_lotus_orb', 4000, 0, 0, 0),
	(227, 'item_recipe_solar_crest', 0, 0, 0, 1),
	(228, 'item_recipe_octarine_core', 0, 0, 0, 1),
	(229, 'item_solar_crest', 2625, 0, 0, 0),
	(230, 'item_recipe_guardian_greaves', 1700, 0, 0, 1),
	(231, 'item_guardian_greaves', 5375, 0, 0, 0),
	(232, 'item_aether_lens', 2350, 0, 0, 0),
	(233, 'item_recipe_aether_lens', 600, 0, 0, 1),
	(234, 'item_recipe_dragon_lance', 0, 0, 0, 1),
	(235, 'item_octarine_core', 5900, 0, 0, 0),
	(236, 'item_dragon_lance', 1900, 0, 0, 0),
	(237, 'item_faerie_fire', 75, 0, 0, 0),
	(238, 'item_recipe_iron_talon', 125, 0, 0, 1),
	(239, 'item_iron_talon', 500, 0, 0, 0),
	(240, 'item_blight_stone', 300, 0, 0, 0),
	(241, 'item_tango_single', 30, 0, 0, 0),
	(242, 'item_crimson_guard', 3550, 0, 0, 0),
	(243, 'item_recipe_crimson_guard', 600, 0, 0, 1),
	(244, 'item_wind_lace', 250, 0, 0, 0),
	(245, 'item_recipe_bloodthorn', 1000, 0, 0, 1),
	(246, 'item_recipe_moon_shard', 0, 0, 0, 1),
	(247, 'item_moon_shard', 4000, 0, 0, 0),
	(248, 'item_recipe_silver_edge', 500, 0, 0, 1),
	(249, 'item_silver_edge', 5350, 0, 0, 0),
	(250, 'item_bloodthorn', 7195, 0, 0, 0),
	(251, 'item_recipe_echo_sabre', 0, 0, 0, 1),
	(252, 'item_echo_sabre', 2650, 0, 0, 0),
	(253, 'item_recipe_glimmer_cape', 0, 0, 0, 1),
	(254, 'item_glimmer_cape', 1850, 0, 0, 0),
	(257, 'item_tome_of_knowledge', 150, 0, 0, 0),
	(262, 'item_recipe_hurricane_pike', 500, 0, 0, 1),
	(263, 'item_hurricane_pike', 4625, 0, 0, 0),
	(265, 'item_infused_raindrop', 225, 0, 0, 0),
	(1021, 'item_river_painter', 0, 0, 0, 0),
	(1022, 'item_river_painter2', 0, 0, 0, 0),
	(1023, 'item_river_painter3', 0, 0, 0, 0),
	(1024, 'item_river_painter4', 0, 0, 0, 0),
	(1025, 'item_river_painter5', 0, 0, 0, 0),
	(1026, 'item_river_painter6', 0, 0, 0, 0),
	(1027, 'item_river_painter7', 0, 0, 0, 0);
/*!40000 ALTER TABLE `items` ENABLE KEYS */;

-- Dumping structure for table rd2l.matches
CREATE TABLE IF NOT EXISTS `matches` (
  `start_time` datetime NOT NULL,
  `competition_id` bigint(20) NOT NULL,
  `home_id` bigint(20) NOT NULL,
  `away_id` bigint(20) NOT NULL,
  `home_win` tinyint(1) NOT NULL,
  `match_id` bigint(20) DEFAULT NULL,
  PRIMARY KEY (`start_time`,`home_id`,`away_id`),
  KEY `FK_m_competition` (`competition_id`),
  KEY `FK_home_team` (`home_id`),
  KEY `FK_away_team` (`away_id`),
  CONSTRAINT `FK_away_team` FOREIGN KEY (`away_id`) REFERENCES `teams` (`id`) ON DELETE CASCADE,
  CONSTRAINT `FK_home_team` FOREIGN KEY (`home_id`) REFERENCES `teams` (`id`) ON DELETE CASCADE,
  CONSTRAINT `FK_m_competition` FOREIGN KEY (`competition_id`) REFERENCES `competitions` (`id`) ON DELETE CASCADE
) ENGINE=InnoDB DEFAULT CHARSET=latin1;

-- Dumping data for table rd2l.matches: ~108 rows (approximately)
/*!40000 ALTER TABLE `matches` DISABLE KEYS */;
INSERT INTO `matches` (`start_time`, `competition_id`, `home_id`, `away_id`, `home_win`, `match_id`) VALUES
	('2017-08-23 20:30:00', 2, 11, 16, 1, NULL),
	('2017-08-23 20:30:00', 2, 12, 18, 1, 3397903686),
	('2017-08-23 20:30:00', 2, 13, 27, 1, NULL),
	('2017-08-23 20:30:00', 2, 14, 23, 1, NULL),
	('2017-08-23 20:30:00', 2, 15, 19, 0, NULL),
	('2017-08-23 20:30:00', 2, 17, 31, 0, 3397881534),
	('2017-08-23 20:30:00', 2, 20, 21, 1, NULL),
	('2017-08-23 20:30:00', 2, 22, 28, 0, NULL),
	('2017-08-23 20:30:00', 2, 24, 29, 1, NULL),
	('2017-08-23 20:30:00', 2, 25, 32, 1, 3397903688),
	('2017-08-23 20:30:00', 2, 26, 30, 1, NULL),
	('2017-08-23 22:00:00', 2, 11, 16, 1, NULL),
	('2017-08-23 22:00:00', 2, 12, 18, 0, 3397991479),
	('2017-08-23 22:00:00', 2, 13, 27, 1, NULL),
	('2017-08-23 22:00:00', 2, 14, 23, 1, NULL),
	('2017-08-23 22:00:00', 2, 15, 19, 0, NULL),
	('2017-08-23 22:00:00', 2, 17, 31, 0, NULL),
	('2017-08-23 22:00:00', 2, 20, 21, 1, NULL),
	('2017-08-23 22:00:00', 2, 22, 8, 1, NULL),
	('2017-08-23 22:00:00', 2, 24, 29, 1, NULL),
	('2017-08-23 22:00:00', 2, 25, 32, 1, 3397964347),
	('2017-08-23 22:00:00', 2, 26, 30, 1, NULL),
	('2017-08-26 20:30:00', 3, 37, 38, 1, 3404853673),
	('2017-08-26 22:00:00', 3, 35, 39, 1, 3405003353),
	('2017-08-26 22:00:00', 3, 37, 38, 1, 3405010002),
	('2017-08-26 23:00:00', 3, 35, 39, 1, NULL),
	('2017-08-27 19:15:00', 3, 33, 34, 0, 3407207946),
	('2017-08-27 20:00:00', 3, 33, 34, 0, 3407282598),
	('2017-08-30 20:30:00', 2, 11, 13, 0, NULL),
	('2017-08-30 20:30:00', 2, 12, 22, 0, 3413898881),
	('2017-08-30 20:30:00', 2, 14, 24, 1, NULL),
	('2017-08-30 20:30:00', 2, 16, 15, 0, NULL),
	('2017-08-30 20:30:00', 2, 17, 27, 1, NULL),
	('2017-08-30 20:30:00', 2, 18, 32, 0, NULL),
	('2017-08-30 20:30:00', 2, 20, 19, 1, NULL),
	('2017-08-30 20:30:00', 2, 21, 29, 1, NULL),
	('2017-08-30 20:30:00', 2, 23, 30, 1, NULL),
	('2017-08-30 20:30:00', 2, 25, 28, 1, 3413887205),
	('2017-08-30 20:30:00', 2, 26, 31, 0, 3413880696),
	('2017-08-30 21:30:00', 2, 14, 24, 1, NULL),
	('2017-08-30 22:00:00', 2, 11, 13, 0, NULL),
	('2017-08-30 22:00:00', 2, 16, 15, 0, NULL),
	('2017-08-30 22:00:00', 2, 17, 27, 1, NULL),
	('2017-08-30 22:00:00', 2, 18, 32, 0, NULL),
	('2017-08-30 22:00:00', 2, 20, 19, 0, NULL),
	('2017-08-30 22:00:00', 2, 21, 29, 0, NULL),
	('2017-08-30 22:00:00', 2, 23, 30, 1, NULL),
	('2017-08-30 22:00:00', 2, 25, 28, 1, 3413964992),
	('2017-08-30 22:00:00', 2, 26, 31, 0, 3413936057),
	('2017-08-30 22:00:06', 2, 12, 22, 0, 3413973089),
	('2017-09-02 20:30:00', 3, 34, 37, 1, 3420564024),
	('2017-09-02 20:30:00', 3, 38, 39, 1, 3420584159),
	('2017-09-02 22:00:00', 3, 34, 37, 0, 3420628953),
	('2017-09-02 22:00:00', 3, 38, 39, 0, 3420712834),
	('2017-09-03 18:00:00', 3, 33, 35, 0, 3422641879),
	('2017-09-03 19:00:00', 3, 33, 35, 0, 3422715390),
	('2017-09-06 20:30:00', 2, 11, 17, 0, 3428346714),
	('2017-09-06 20:30:00', 2, 12, 28, 0, NULL),
	('2017-09-06 20:30:00', 2, 13, 31, 0, 3428383097),
	('2017-09-06 20:30:00', 2, 14, 25, 0, 3428359251),
	('2017-09-06 20:30:00', 2, 15, 23, 1, NULL),
	('2017-09-06 20:30:00', 2, 18, 21, 1, NULL),
	('2017-09-06 20:30:00', 2, 19, 32, 1, NULL),
	('2017-09-06 20:30:00', 2, 20, 22, 0, 3428382045),
	('2017-09-06 20:30:00', 2, 26, 24, 0, NULL),
	('2017-09-06 20:30:00', 2, 27, 30, 1, NULL),
	('2017-09-06 20:30:00', 2, 29, 16, 1, NULL),
	('2017-09-06 22:00:00', 2, 11, 17, 1, NULL),
	('2017-09-06 22:00:00', 2, 12, 28, 0, NULL),
	('2017-09-06 22:00:00', 2, 13, 31, 0, 3428436919),
	('2017-09-06 22:00:00', 2, 14, 25, 0, 3428448312),
	('2017-09-06 22:00:00', 2, 15, 23, 1, NULL),
	('2017-09-06 22:00:00', 2, 18, 21, 1, NULL),
	('2017-09-06 22:00:00', 2, 19, 32, 1, NULL),
	('2017-09-06 22:00:00', 2, 20, 22, 0, 3428459359),
	('2017-09-06 22:00:00', 2, 26, 24, 0, NULL),
	('2017-09-06 22:00:00', 2, 27, 30, 1, NULL),
	('2017-09-06 22:00:00', 2, 29, 16, 1, NULL),
	('2017-09-09 20:30:00', 3, 34, 38, 0, 3434421144),
	('2017-09-09 22:00:00', 3, 34, 38, 0, 3434528044),
	('2017-09-09 22:00:00', 3, 35, 37, 1, 3434549201),
	('2017-09-09 23:00:00', 3, 35, 37, 1, 3434623417),
	('2017-09-13 20:30:00', 2, 11, 20, 1, NULL),
	('2017-09-13 20:30:00', 2, 13, 24, 1, NULL),
	('2017-09-13 20:30:00', 2, 14, 15, 0, NULL),
	('2017-09-13 20:30:00', 2, 17, 28, 0, 3442232016),
	('2017-09-13 20:30:00', 2, 18, 29, 1, NULL),
	('2017-09-13 20:30:00', 2, 19, 22, 0, 0),
	('2017-09-13 20:30:00', 2, 21, 30, 0, NULL),
	('2017-09-13 20:30:00', 2, 23, 32, 0, NULL),
	('2017-09-13 20:30:00', 2, 25, 31, 0, 3442238267),
	('2017-09-13 22:00:00', 2, 11, 20, 1, NULL),
	('2017-09-13 22:00:00', 2, 13, 24, 0, NULL),
	('2017-09-13 22:00:00', 2, 14, 15, 0, NULL),
	('2017-09-13 22:00:00', 2, 17, 28, 0, NULL),
	('2017-09-13 22:00:00', 2, 18, 29, 1, NULL),
	('2017-09-13 22:00:00', 2, 19, 22, 0, 0),
	('2017-09-13 22:00:00', 2, 21, 30, 1, NULL),
	('2017-09-13 22:00:00', 2, 23, 32, 0, NULL),
	('2017-09-13 22:00:00', 2, 25, 31, 0, 3442301710),
	('2017-09-17 20:30:00', 3, 37, 33, 0, NULL),
	('2017-09-17 20:30:00', 3, 38, 35, 1, 3450241879),
	('2017-09-17 20:30:00', 3, 39, 34, 1, 3450277856),
	('2017-09-17 21:00:00', 3, 37, 33, 0, NULL),
	('2017-09-17 21:00:00', 3, 38, 35, 1, NULL),
	('2017-09-17 21:00:00', 3, 39, 34, 0, 3450372407),
	('2017-09-18 20:30:00', 2, 30, 17, 1, NULL),
	('2017-09-18 22:00:00', 2, 30, 17, 1, NULL);
/*!40000 ALTER TABLE `matches` ENABLE KEYS */;

-- Dumping structure for table rd2l.players
CREATE TABLE IF NOT EXISTS `players` (
  `id` bigint(20) NOT NULL,
  `solo_mmr` int(11) NOT NULL,
  `party_mmr` int(11) NOT NULL,
  `name` varchar(50) NOT NULL,
  PRIMARY KEY (`id`)
) ENGINE=InnoDB DEFAULT CHARSET=utf8;

-- Dumping data for table rd2l.players: ~293 rows (approximately)
/*!40000 ALTER TABLE `players` DISABLE KEYS */;
INSERT INTO `players` (`id`, `solo_mmr`, `party_mmr`, `name`) VALUES
	(9787, 3511, 1356, 'Abderas'),
	(145222, 3785, 2716, 'Pentos'),
	(224956, 2448, 2320, 'Hijo De Pupik'),
	(849044, 1635, 2007, 'Zebrock'),
	(1707160, 4279, 4350, 'Arenstam'),
	(3273452, 4451, 4069, 'Solrak'),
	(3321510, 4497, 4560, 'Sdeha'),
	(5001550, 3608, 1973, 'Xiao'),
	(8686158, 5052, 4972, 'KoreanLetters'),
	(10679127, 4127, 4506, 'ldodi'),
	(11880423, 4825, 4307, 'harpake'),
	(11989235, 5000, 5000, 'Rothwell'),
	(12936154, 6078, 5750, 'Thorminator'),
	(13296091, 0, 0, 'aQua'),
	(14686043, 4708, 4184, 'J1mmo'),
	(14938210, 3890, 4240, 'linail'),
	(15262798, 2888, 2555, 'Captain Rubick'),
	(15350275, 4964, 4536, 'Kalisdar'),
	(17120982, 4729, 5574, 'Den\'den'),
	(17630180, 2021, 0, 'Sjaakhenkbert'),
	(18322503, 4806, 4588, 'Sejr'),
	(19502139, 4972, 4855, 'kYem'),
	(20172876, 5019, 5008, 'Nyk'),
	(23077398, 3282, 2980, 'smasher!'),
	(25544429, 3475, 3731, 'Soup'),
	(25575758, 6031, 4678, 'Paju'),
	(25616020, 4000, 4400, 'Saph'),
	(25778160, 4323, 3986, 'ShakeY'),
	(27409679, 5178, 4924, 'Broos'),
	(27997450, 5143, 5502, 'Mikel'),
	(28193363, 6041, 5036, 'Col.NilsOlav'),
	(29120359, 0, 0, 'Fredrocket'),
	(29366541, 4206, 4206, 'Leap'),
	(29700303, 4453, 4916, 'iGod'),
	(30061531, 3296, 2713, 'PoPe'),
	(30177318, 4164, 4012, 'Jim Dangle'),
	(31577159, 0, 0, 'Inside your mind'),
	(32074895, 5550, 4490, 'rawr'),
	(32710780, 0, 0, 'TryhardTrench'),
	(33334474, 3450, 3453, 'xorg'),
	(33514796, 5183, 4717, 'Vae Victis'),
	(37044562, 4400, 4625, 'FACEFACEFACE'),
	(38015510, 4748, 4358, 'Rhy'),
	(38319872, 3999, 4227, 'zGrozemaG'),
	(38613589, 3705, 4156, 'Molten Knight'),
	(39026278, 1953, 0, 'aTom'),
	(39088048, 2112, 2573, 'BochiNibuku'),
	(40096638, 2921, 2278, 'GladeFrede'),
	(40583808, 1342, 1805, 'coolambo'),
	(40849913, 4708, 4710, 'Ragezilla'),
	(42594157, 5023, 4371, 'Keyser Söze'),
	(42838727, 5031, 4108, 'Papu'),
	(43102633, 5134, 5155, 'Rakkaudenruhtinas'),
	(43345234, 2458, 3070, 'Noisy Chode'),
	(44073127, 4261, 4541, 'Holy Harry'),
	(44742734, 5146, 3846, 'Boelens'),
	(45147410, 4749, 4145, 'a34fsd'),
	(45862004, 5191, 4969, 'PLATY'),
	(46629468, 4560, 4070, 'Anstar?'),
	(48641269, 4129, 4403, 'sbx320'),
	(48903560, 2936, 2820, 'Thronplunder'),
	(49570863, 0, 0, 'Lindemann'),
	(52060732, 4728, 4966, 'Jim Carry'),
	(52235332, 0, 2589, 'LUX'),
	(52626452, 4759, 4296, 'PyroStreak'),
	(52974852, 5018, 6071, 'Burtoth'),
	(53431223, 0, 0, 'Show me my silver lining'),
	(54033335, 3798, 3186, 'One Light in a Sky of a Million'),
	(54143531, 5099, 4797, 'Severe'),
	(54776640, 5553, 4839, 'Bobby'),
	(54794808, 0, 0, 'Ö'),
	(55513197, 4389, 4013, 'Klowney'),
	(55655464, 3956, 4718, 'Chairman'),
	(55664858, 0, 0, 'Baby-Face Kilahh'),
	(58283015, 5002, 3838, 'Kimer'),
	(58478799, 3053, 2490, 'alechuga'),
	(59155507, 4755, 4818, 'Nullagon'),
	(59202136, 3868, 3887, 'Molly Cyrus'),
	(60578094, 3805, 2554, 'Dice'),
	(60650831, 0, 0, 'Chihaya Ayase'),
	(60772086, 4701, 4701, 'ุ'),
	(60814111, 3804, 3564, 'Tabby'),
	(61417832, 5472, 4360, 'Potato'),
	(61634693, 4515, 4258, 'Killerpanda'),
	(61728501, 4650, 4833, 'Joll'),
	(61889698, 2219, 2346, 'EiRiAt'),
	(61929047, 4658, 3573, 'Mujo'),
	(61977413, 2129, 2220, 'Krenmurray'),
	(62091887, 5592, 3922, 'VSP'),
	(64444340, 0, 0, 'Uncle Bogdan'),
	(64914336, 4118, 3987, 'whale'),
	(64968380, 4478, 4157, 'ALAKEFAK'),
	(65489389, 0, 0, 'Sinistra'),
	(65568828, 2593, 3063, 'PAIERS'),
	(65642639, 3402, 0, 'Yippi'),
	(65714986, 2488, 2031, 'Kappa'),
	(65884585, 4335, 3795, 'Unknown Memory'),
	(65978391, 2901, 4138, 'James 1'),
	(66898926, 5119, 6311, 'Desiigner'),
	(67455498, 0, 0, '☠SshadowW☠'),
	(67504512, 2949, 3140, 'Nyphoot'),
	(69706947, 3833, 3569, 'CaptainSwegpants'),
	(71403569, 5744, 5330, 'Ara'),
	(71845463, 4787, 2593, 'FusionX'),
	(72729818, 5251, 4912, 'Booty Lizard'),
	(73091470, 3608, 3352, 'bamboozled again'),
	(75525103, 5337, 3851, 'YDF'),
	(75745818, 3799, 3329, 'ze3hma gataar'),
	(76152836, 5214, 6012, 'Stasimir'),
	(77177090, 1817, 1525, 'Nonesk'),
	(77198610, 7381, 6062, 'T.O.P'),
	(77973553, 4008, 3584, 'Silverstorm'),
	(78839243, 4282, 4503, 'the real roo'),
	(79540445, 5283, 4904, 'waterfalls'),
	(80416298, 4453, 3378, 'Sputnik 2'),
	(80825403, 3695, 3779, 'Lazy Panda'),
	(80995563, 5198, 4105, 'Crispy Bacon'),
	(81134415, 4736, 4374, 'Alessia'),
	(81684831, 5500, 4696, 'ness\'s backthrow'),
	(82449931, 5471, 4026, 'raptured'),
	(82480923, 3371, 3555, 'Tapas'),
	(82698184, 4548, 4745, 'WaruiKagemusha'),
	(82736078, 5418, 3413, 'Nsphere'),
	(82882882, 4525, 4472, 'Sath'),
	(83340452, 5033, 4885, 'Ariu'),
	(83379599, 5058, 3816, 'Kilgannon'),
	(83619495, 4504, 4819, 'ponpo'),
	(84069041, 0, 0, 'Tomex'),
	(84081608, 4659, 2919, 'ButchyBanana'),
	(84510050, 4607, 4040, 'kRAnkenstein'),
	(84641399, 4595, 4170, 's3vv4'),
	(84676779, 4798, 5603, 'Feggit'),
	(84712191, 3500, 3908, 'Regurgitard'),
	(85914991, 4502, 4384, 'Eren'),
	(85921049, 4166, 3064, 'Qwertyuiop[ ?'),
	(86253390, 3489, 2816, 'Sancon'),
	(86689970, 0, 0, 'Finnyb'),
	(86768740, 4323, 3350, 'SharK[BG]'),
	(86772555, 3739, 3524, 'Insidieux'),
	(86830908, 3791, 3749, 'yellow`'),
	(86910818, 6400, 6009, 'H4wk'),
	(86988432, 5164, 4107, 'iףּhסּ-Ѿ'),
	(86994405, 4629, 3662, 'seigfried'),
	(87019382, 3617, 3700, 'Elf ™'),
	(87202990, 0, 0, 'RobY'),
	(87702027, 3736, 3025, 'Awakraise'),
	(88341390, 1250, 960, 'Cray'),
	(88826950, 2098, 0, 'sen$ation'),
	(89274139, 5125, 4419, 'Zorbons'),
	(89607331, 3271, 2584, 'Von Ham'),
	(90016440, 2895, 2823, 'CrazedGypsy'),
	(91780731, 2319, 2214, 'Crabby'),
	(91919183, 2450, 2549, 'Didonko'),
	(91933661, 4579, 4812, 'GuldTuppen'),
	(92065100, 3701, 3119, 'Arcainzor'),
	(93045621, 4159, 4091, 'bad_fetus'),
	(93119299, 3442, 3025, 'Lestat'),
	(93359457, 4924, 4027, 'jack'),
	(93378387, 4787, 2593, 'yepi'),
	(94135363, 3216, 2403, 'bux'),
	(94463546, 4345, 4693, 'Kieran'),
	(95794457, 5677, 4938, 'Ari'),
	(96303949, 4202, 4810, 'Hood'),
	(97601572, 5798, 5161, 'DNC'),
	(98263776, 5018, 4509, 'Joramo'),
	(98536502, 4274, 3652, 'kirkiki'),
	(98700902, 3727, 3457, 'Ergotisme'),
	(98925423, 4689, 3614, 'Money'),
	(98926063, 3402, 3402, 'hd'),
	(100615779, 0, 0, 'LeDong'),
	(100901311, 3795, 3155, 'Beeg'),
	(100916841, 3030, 1848, 'Matty__'),
	(102320948, 0, 0, 'DaJur'),
	(102346907, 3696, 4181, 'Semper Fi'),
	(103879470, 3554, 3079, 'ROGER ROGER'),
	(104838313, 3298, 2936, 'ArtRage'),
	(104869437, 2281, 2142, 'Monkey'),
	(104877936, 0, 0, 'King™'),
	(105461157, 5012, 4312, 'stay hydrated'),
	(105727440, 5010, 5026, 'Zasa'),
	(106723468, 3114, 4204, 'DogeSpinoza'),
	(106954230, 2694, 2631, 'Astauron'),
	(106984632, 4643, 4048, 'Roran'),
	(107172805, 4583, 4343, 'Reps for Harambe'),
	(107696053, 3667, 4068, 'nfd'),
	(108468556, 3651, 4431, 'Nikotine'),
	(108668739, 3577, 3232, 'namegoeshere'),
	(109216765, 1247, 3124, '抱负-'),
	(109390875, 4934, 5181, 'Rage Dino'),
	(109406309, 2412, 1437, 'calm player'),
	(110984507, 3406, 3740, 'szethw'),
	(111130600, 3117, 3224, 'Maverick_2009'),
	(111326429, 2242, 2975, '( ͡° ͜ʖ ͡°)'),
	(111770596, 5500, 4116, 'Vuccapella'),
	(112753232, 3618, 2997, 'Duckus6'),
	(113398948, 0, 0, 'Royal Hunter'),
	(113604627, 3355, 3157, 'Valhalla'),
	(113877231, 1370, 1866, 'srN'),
	(113905869, 0, 0, 'ravido'),
	(114049483, 2704, 2730, 'TOnTheWing'),
	(114207429, 1775, 2558, 'RC.Aleksandr.MSI'),
	(114884093, 4480, 3937, 'i love boys'),
	(115014327, 2211, 1774, '®Domovoi0ng'),
	(115066382, 2978, 2595, 'JacK Daniels'),
	(115125507, 2892, 831, 'DotP.Backwards'),
	(116455730, 4520, 4587, 'NovaST34M!'),
	(116946589, 4164, 4256, 'frsm'),
	(118063684, 3641, 3399, 'mVm'),
	(118188925, 3462, 3970, 'Stuezee'),
	(118360604, 3658, 2460, 'rekt'),
	(118482230, 4768, 4441, 'Sir Mofarah'),
	(118796267, 4719, 5005, 'Nibbles the Nocturnal'),
	(120245341, 0, 0, 'Steve2bold'),
	(120446874, 5035, 5179, 'Crab'),
	(121107248, 3785, 4328, 'Ryuzaki'),
	(121275060, 3450, 3814, 'OverKoalafied'),
	(121642669, 3800, 3325, 'Henry Bot'),
	(122623272, 5639, 5880, 'Woo'),
	(122888801, 3466, 3474, 'veem'),
	(123142751, 5801, 5231, 'Burge'),
	(125235781, 3766, 3709, 'Hero\'244'),
	(125477453, 4472, 3279, 'Sakoh'),
	(126816117, 0, 0, 'Vikingslayerz'),
	(129948398, 0, 0, 'Richest Man In LA'),
	(130345206, 0, 0, 'Blu33'),
	(135097009, 2334, 2545, 'mitko'),
	(135709160, 2518, 3242, 'triangle'),
	(137856777, 4810, 4595, 'SgtAverage'),
	(139695319, 5682, 4785, 'Paul'),
	(141046710, 0, 0, 'potato'),
	(141104117, 3232, 3418, 'Endgegner'),
	(142022437, 5094, 4799, 'exZ'),
	(142654101, 3058, 0, 'YoLo'),
	(145521249, 5101, 4815, 'Lelouch vi Britannia'),
	(146098508, 4154, 4050, 'Zap^'),
	(146446530, 4508, 3580, 'live_for_what'),
	(147771789, 0, 0, 'Its taken so long to feel okay'),
	(151091450, 4953, 4813, 'Chaotic'),
	(152273237, 4317, 3416, 'cory'),
	(156287010, 4212, 4251, 'Sparta'),
	(156660740, 5141, 4951, 'Ayushi'),
	(159403881, 4486, 3588, 'Skido Mewes'),
	(160196974, 4600, 3878, 'Mapex'),
	(161440418, 3000, 3022, 'CrazyDuck'),
	(166245574, 2176, 3404, 'Cpt.Metal'),
	(167618363, 4299, 0, 'Pot-8-Os'),
	(175589882, 4426, 3096, 'Jellesnietes'),
	(178561905, 4136, 4579, '[JLEI] Perry'),
	(179036386, 4014, 1855, 'Ewan'),
	(181517538, 3411, 3886, 'Oh my'),
	(182158649, 2897, 4683, 'DaRbAx'),
	(182986806, 1270, 1621, 'Rumpelstiltskin'),
	(188208999, 5382, 4873, 'Shaq'),
	(188561674, 5005, 4919, 'yb'),
	(188789386, 3796, 3381, 'Nyawww'),
	(188858816, 0, 0, 'SirDrunkALot'),
	(191048641, 1925, 829, 'Tito'),
	(196209728, 2204, 2279, 'Pheonix'),
	(197101680, 5469, 4057, 'less'),
	(198970212, 3377, 3045, 'Edgy dutch kid'),
	(199642373, 5215, 4702, 'Bliss'),
	(202474656, 5502, 4896, 'Mystogan'),
	(203598933, 5280, 5045, 'ulafzs'),
	(203843297, 4110, 4110, 'Scotalot'),
	(218700901, 2349, 2966, 'Bart33zy'),
	(229544573, 4710, 3213, 'ssd'),
	(233218333, 4540, 4310, 'Larzkie'),
	(233913339, 4754, 4209, 'wash yo ass nigga'),
	(237308961, 4091, 3931, 'ry0ka'),
	(242992578, 4896, 3997, 'Por Favor!'),
	(247257531, 4483, 4373, 'En3'),
	(256478532, 5227, 3243, 'Melalez'),
	(259185393, 4321, 3297, 'LORD EXPLOSION MURDER'),
	(265738744, 4185, 3425, 'Cartoonz^^'),
	(285760436, 3895, 4112, 'git gUd'),
	(286070588, 3207, 3281, 'rucci'),
	(287978960, 5385, 4592, 'Cvækt'),
	(289101818, 3698, 3053, 'Luca'),
	(291439626, 3188, 3253, 'lokaz'),
	(308648099, 3519, 3182, 'Cilamo'),
	(311091141, 4140, 3382, '7733755997'),
	(313768413, 4116, 2830, 'CaptainCustard'),
	(316403431, 4793, 4569, 'positive player'),
	(319253972, 0, 0, 'MoonBlaze™'),
	(327742421, 4523, 4859, 'Huttendrutt'),
	(331044355, 0, 0, 'so what\'s the difference'),
	(335703948, 4123, 3847, 'Lewffie'),
	(335812759, 0, 0, '[Z]aha'),
	(339761450, 1878, 1914, 'Riyme'),
	(342745726, 2866, 2089, 'Xykra'),
	(357637021, 3358, 3358, 'Can you believe it?!'),
	(368128120, 2663, 2812, 'GOD'),
	(398768009, 2540, 2838, 'Topdisaster™420');
/*!40000 ALTER TABLE `players` ENABLE KEYS */;

-- Dumping structure for table rd2l.teams
CREATE TABLE IF NOT EXISTS `teams` (
  `id` bigint(20) NOT NULL AUTO_INCREMENT,
  `name` varchar(50) DEFAULT NULL,
  PRIMARY KEY (`id`)
) ENGINE=InnoDB AUTO_INCREMENT=40 DEFAULT CHARSET=latin1;

-- Dumping data for table rd2l.teams: ~39 rows (approximately)
/*!40000 ALTER TABLE `teams` DISABLE KEYS */;
INSERT INTO `teams` (`id`, `name`) VALUES
	(1, 'Team Denmark'),
	(2, 'Team Yugoslavia'),
	(3, 'Team Sweden'),
	(4, 'Team Finland'),
	(5, 'Team Belgium'),
	(6, 'Team UK'),
	(7, 'Team Baltic'),
	(8, 'Team The Netherlands'),
	(9, 'Team Balkan'),
	(10, 'Team Germany'),
	(11, 'Mr. Retards Autistic Circus'),
	(12, 'Super Gay Squad'),
	(13, 'Hawk vs throne'),
	(14, 'koolkidzkollektiv'),
	(15, 'Russian Gibberish'),
	(16, 'Reddit Puppers'),
	(17, 'Slardar\'s Crispy Custard Cakes'),
	(18, 'KK\'s Daycare'),
	(19, 'Boko Harambe'),
	(20, 'The Lean Green Meme Dream Supreme'),
	(21, 'European Shitshow League'),
	(22, 'Kindergarten'),
	(23, 'Fire Breathing Rubber Duckies'),
	(24, 'Promocode SSD'),
	(25, 'GARBAGEMAN CO.'),
	(26, 'Dolphin Assissins'),
	(27, 'Armlet Toggling'),
	(28, 'Cilamo\'s Fan Club'),
	(29, 'Minorities in my waterpark'),
	(30, 'Turtles on narcotics'),
	(31, 'Dab on it wagwan x 100'),
	(32, 'Beach Boys'),
	(33, 'Disband?'),
	(34, 'Zapper Snappers'),
	(35, 'Beast'),
	(36, 'MuffinMaffia'),
	(37, 'Meme Value'),
	(38, 'Thicc Squad'),
	(39, 'Outbreak Squad');
/*!40000 ALTER TABLE `teams` ENABLE KEYS */;

-- Dumping structure for table rd2l.team_players
CREATE TABLE IF NOT EXISTS `team_players` (
  `team_id` bigint(20) NOT NULL,
  `player_id` bigint(20) NOT NULL,
  `captain` tinyint(1) NOT NULL,
  `position` tinyint(4) DEFAULT NULL,
  PRIMARY KEY (`team_id`,`player_id`),
  KEY `FK_tp_players` (`player_id`),
  CONSTRAINT `FK_tp_players` FOREIGN KEY (`player_id`) REFERENCES `players` (`id`) ON DELETE CASCADE,
  CONSTRAINT `FK_tp_teams` FOREIGN KEY (`team_id`) REFERENCES `teams` (`id`) ON DELETE CASCADE
) ENGINE=InnoDB DEFAULT CHARSET=latin1;

-- Dumping data for table rd2l.team_players: ~257 rows (approximately)
/*!40000 ALTER TABLE `team_players` DISABLE KEYS */;
INSERT INTO `team_players` (`team_id`, `player_id`, `captain`, `position`) VALUES
	(1, 8686158, 0, NULL),
	(1, 15350275, 0, NULL),
	(1, 17120982, 0, NULL),
	(1, 18322503, 0, NULL),
	(1, 40096638, 0, NULL),
	(1, 77198610, 1, NULL),
	(2, 45147410, 0, NULL),
	(2, 142022437, 1, NULL),
	(2, 188561674, 0, NULL),
	(2, 197101680, 0, NULL),
	(2, 311091141, 0, NULL),
	(3, 20172876, 0, NULL),
	(3, 27997450, 0, NULL),
	(3, 28193363, 0, NULL),
	(3, 58283015, 1, NULL),
	(3, 84712191, 0, NULL),
	(3, 327742421, 0, NULL),
	(4, 3321510, 0, NULL),
	(4, 25575758, 0, NULL),
	(4, 39088048, 0, NULL),
	(4, 98926063, 0, NULL),
	(4, 287978960, 1, NULL),
	(5, 25616020, 0, NULL),
	(5, 27409679, 0, NULL),
	(5, 54776640, 0, NULL),
	(5, 82736078, 1, NULL),
	(5, 161440418, 0, NULL),
	(6, 11989235, 0, NULL),
	(6, 52974852, 0, NULL),
	(6, 123142751, 1, NULL),
	(6, 137856777, 0, NULL),
	(6, 202474656, 0, NULL),
	(7, 38319872, 0, NULL),
	(7, 80825403, 0, NULL),
	(7, 84676779, 0, NULL),
	(7, 89274139, 0, NULL),
	(7, 139695319, 1, NULL),
	(7, 203598933, 0, NULL),
	(8, 30177318, 0, NULL),
	(8, 44742734, 0, NULL),
	(8, 48903560, 0, NULL),
	(8, 61634693, 0, NULL),
	(8, 83340452, 0, NULL),
	(8, 106723468, 1, NULL),
	(9, 29366541, 0, NULL),
	(9, 86772555, 0, NULL),
	(9, 91919183, 0, NULL),
	(9, 111770596, 0, NULL),
	(9, 135097009, 1, NULL),
	(9, 146098508, 0, NULL),
	(9, 229544573, 0, NULL),
	(10, 61728501, 0, NULL),
	(10, 72729818, 0, NULL),
	(10, 76152836, 0, NULL),
	(10, 105727440, 1, NULL),
	(10, 122623272, 0, NULL),
	(10, 199642373, 0, NULL),
	(11, 29366541, 0, NULL),
	(11, 40849913, 0, NULL),
	(11, 77198610, 0, NULL),
	(11, 84712191, 1, NULL),
	(11, 88341390, 0, NULL),
	(11, 160196974, 0, NULL),
	(11, 175589882, 0, NULL),
	(12, 14938210, 1, NULL),
	(12, 25778160, 0, NULL),
	(12, 27409679, 0, NULL),
	(12, 46629468, 0, NULL),
	(12, 61889698, 0, NULL),
	(12, 86994405, 0, NULL),
	(12, 95794457, 0, NULL),
	(13, 145222, 0, NULL),
	(13, 19502139, 0, NULL),
	(13, 61728501, 0, NULL),
	(13, 65568828, 0, NULL),
	(13, 86910818, 0, NULL),
	(13, 112753232, 0, NULL),
	(13, 156287010, 1, NULL),
	(14, 17630180, 0, NULL),
	(14, 30177318, 1, 3),
	(14, 32074895, 0, 4),
	(14, 59155507, 0, 2),
	(14, 64914336, 0, 5),
	(14, 106723468, 0, NULL),
	(14, 109390875, 0, 1),
	(15, 3321510, 0, NULL),
	(15, 29700303, 0, NULL),
	(15, 39026278, 0, NULL),
	(15, 78839243, 1, NULL),
	(15, 156660740, 0, NULL),
	(15, 199642373, 0, NULL),
	(15, 233218333, 0, NULL),
	(16, 60814111, 0, NULL),
	(16, 75525103, 0, NULL),
	(16, 92065100, 0, NULL),
	(16, 108668739, 0, NULL),
	(16, 139695319, 0, NULL),
	(16, 146098508, 1, NULL),
	(17, 9787, 0, NULL),
	(17, 48903560, 0, NULL),
	(17, 80995563, 0, NULL),
	(17, 81134415, 0, NULL),
	(17, 81684831, 0, NULL),
	(17, 86772555, 0, NULL),
	(17, 237308961, 1, NULL),
	(18, 61929047, 0, NULL),
	(18, 82480923, 0, NULL),
	(18, 83379599, 0, NULL),
	(18, 94463546, 1, NULL),
	(18, 137856777, 0, NULL),
	(18, 152273237, 0, NULL),
	(18, 233913339, 0, NULL),
	(19, 3273452, 0, NULL),
	(19, 33514796, 0, NULL),
	(19, 52974852, 0, NULL),
	(19, 106954230, 0, NULL),
	(19, 107172805, 1, NULL),
	(19, 118063684, 0, NULL),
	(19, 316403431, 0, NULL),
	(20, 8686158, 0, NULL),
	(20, 44742734, 0, NULL),
	(20, 52060732, 0, NULL),
	(20, 98925423, 0, NULL),
	(20, 106984632, 1, NULL),
	(20, 111326429, 0, NULL),
	(21, 15350275, 1, NULL),
	(21, 38613589, 0, NULL),
	(21, 77973553, 0, NULL),
	(21, 89274139, 0, NULL),
	(21, 98263776, 0, NULL),
	(21, 146446530, 0, NULL),
	(21, 181517538, 0, NULL),
	(22, 48641269, 0, NULL),
	(22, 72729818, 0, NULL),
	(22, 100916841, 0, NULL),
	(22, 110984507, 0, NULL),
	(22, 118796267, 1, NULL),
	(22, 121275060, 0, NULL),
	(22, 327742421, 0, NULL),
	(23, 14686043, 1, NULL),
	(23, 33334474, 0, NULL),
	(23, 38319872, 0, NULL),
	(23, 58283015, 0, NULL),
	(23, 84676779, 0, NULL),
	(23, 116946589, 0, NULL),
	(23, 286070588, 0, NULL),
	(24, 79540445, 1, NULL),
	(24, 105461157, 0, NULL),
	(24, 108468556, 0, NULL),
	(24, 109406309, 0, NULL),
	(24, 125235781, 0, NULL),
	(24, 151091450, 0, NULL),
	(24, 229544573, 0, NULL),
	(25, 71403569, 0, 4),
	(25, 77177090, 0, NULL),
	(25, 82449931, 0, 3),
	(25, 87019382, 0, NULL),
	(25, 125477453, 0, 5),
	(25, 203598933, 1, 2),
	(25, 247257531, 0, 1),
	(26, 54143531, 0, NULL),
	(26, 67504512, 0, NULL),
	(26, 80416298, 0, NULL),
	(26, 85914991, 0, NULL),
	(26, 86253390, 0, NULL),
	(26, 178561905, 0, NULL),
	(26, 287978960, 1, NULL),
	(27, 18322503, 0, NULL),
	(27, 61634693, 0, NULL),
	(27, 69706947, 0, NULL),
	(27, 82736078, 0, NULL),
	(27, 86830908, 0, NULL),
	(27, 98700902, 0, NULL),
	(27, 142022437, 1, NULL),
	(28, 37044562, 0, NULL),
	(28, 61417832, 1, NULL),
	(28, 91933661, 0, NULL),
	(28, 242992578, 0, NULL),
	(28, 256478532, 0, NULL),
	(28, 291439626, 0, NULL),
	(28, 308648099, 0, NULL),
	(29, 10679127, 0, NULL),
	(29, 20172876, 0, NULL),
	(29, 64968380, 0, NULL),
	(29, 85921049, 0, NULL),
	(29, 104838313, 0, NULL),
	(29, 114884093, 0, NULL),
	(29, 122623272, 1, NULL),
	(30, 25575758, 1, NULL),
	(30, 43102633, 0, NULL),
	(30, 45147410, 0, NULL),
	(30, 93119299, 0, NULL),
	(30, 104869437, 0, NULL),
	(30, 167618363, 0, NULL),
	(30, 182158649, 0, NULL),
	(31, 15262798, 0, NULL),
	(31, 17120982, 0, NULL),
	(31, 25544429, 0, NULL),
	(31, 43345234, 0, NULL),
	(31, 45862004, 0, NULL),
	(31, 118482230, 0, NULL),
	(31, 123142751, 1, NULL),
	(32, 11880423, 0, NULL),
	(32, 65642639, 0, NULL),
	(32, 83340452, 0, NULL),
	(32, 96303949, 0, NULL),
	(32, 97601572, 1, NULL),
	(32, 121642669, 0, NULL),
	(32, 135097009, 0, NULL),
	(33, 224956, 0, NULL),
	(33, 23077398, 0, 5),
	(33, 30061531, 0, 3),
	(33, 40096638, 0, 4),
	(33, 102346907, 0, 2),
	(33, 259185393, 0, 5),
	(33, 265738744, 1, 1),
	(34, 71845463, 0, NULL),
	(34, 83619495, 0, NULL),
	(34, 84081608, 0, NULL),
	(34, 113877231, 0, NULL),
	(34, 115014327, 1, NULL),
	(34, 159403881, 0, NULL),
	(35, 27997450, 1, NULL),
	(35, 80825403, 0, NULL),
	(35, 89607331, 0, NULL),
	(35, 91780731, 0, NULL),
	(35, 114049483, 0, NULL),
	(35, 121107248, 0, NULL),
	(35, 182986806, 0, NULL),
	(36, 23077398, 0, NULL),
	(36, 54033335, 0, NULL),
	(36, 65978391, 0, NULL),
	(36, 93378387, 0, NULL),
	(36, 102346907, 1, NULL),
	(36, 114207429, 0, NULL),
	(36, 398768009, 0, NULL),
	(37, 86988432, 0, NULL),
	(37, 90016440, 0, NULL),
	(37, 98536502, 0, NULL),
	(37, 107696053, 0, NULL),
	(37, 179036386, 0, NULL),
	(37, 196209728, 0, NULL),
	(37, 368128120, 1, NULL),
	(38, 849044, 0, NULL),
	(38, 5001550, 0, NULL),
	(38, 12936154, 0, NULL),
	(38, 52626452, 0, NULL),
	(38, 113604627, 1, NULL),
	(38, 122888801, 0, NULL),
	(38, 191048641, 0, NULL),
	(39, 52235332, 0, NULL),
	(39, 115125507, 0, NULL),
	(39, 125235781, 0, NULL),
	(39, 145521249, 0, NULL),
	(39, 188208999, 1, NULL),
	(39, 203843297, 0, NULL),
	(39, 285760436, 0, NULL);
/*!40000 ALTER TABLE `team_players` ENABLE KEYS */;

/*!40101 SET SQL_MODE=IFNULL(@OLD_SQL_MODE, '') */;
/*!40014 SET FOREIGN_KEY_CHECKS=IF(@OLD_FOREIGN_KEY_CHECKS IS NULL, 1, @OLD_FOREIGN_KEY_CHECKS) */;
/*!40101 SET CHARACTER_SET_CLIENT=@OLD_CHARACTER_SET_CLIENT */;
